feature,category,count,rate,rank
customer_state,SP,27199,0.40284072395509346,1
customer_state,RJ,8964,0.1327645961077046,2
customer_state,MG,8127,0.12036790189282857,3
customer_state,RS,3910,0.05791048313042448,4
customer_state,PR,3461,0.05126040463283865,5
customer_state,SC,2576,0.038152788885926714,6
customer_state,BA,2307,0.034168666133475516,7
customer_state,ES,1445,0.021401700287330787,8
customer_state,GO,1409,0.02086850913830386,9
customer_state,DF,1405,0.02080926567730087,10
customer_state,PE,1117,0.016543736485085458,11
customer_state,CE,947,0.014025889392458307,12
customer_state,PA,718,0.010634201250037027,13
customer_state,MT,640,0.009478953760478687,14
customer_state,MA,547,0.008101543292159128,15
customer_state,MS,502,0.0074350543558754706,16
customer_state,PB,370,0.005480020142776741,17
customer_state,RN,349,0.005168991972511034,18
customer_state,PI,348,0.0051541811072602865,19
customer_state,AL,298,0.004413637844722889,20
customer_state,SE,246,0.0036434728516839955,21
customer_state,TO,197,0.002917740454397346,22
customer_state,RO,185,0.0027400100713883707,23
customer_state,AM,105,0.0015551408513285346,24
customer_state,AC,66,0.0009775171065493646,25
customer_state,AP,51,0.0007553541277881454,26
customer_state,RR,29,0.0004295150922716905,27
delivery_scope,cross_state_or_missing,44448,0.6583133386652448,1
delivery_scope,same_state,23070,0.34168666133475517,2
multi_item_group,single_item,60762,0.8999377943659469,1
multi_item_group,multi_item,6756,0.10006220563405314,2
multi_seller_group,single_seller,66742,0.9885067685654196,1
multi_seller_group,multi_seller,776,0.011493231434580408,2
primary_payment_type,credit_card,50732,0.751384815900945,1
primary_payment_type,boleto,13887,0.20567848573713676,2
primary_payment_type,voucher,2201,0.032598714416896234,3
primary_payment_type,debit_card,698,0.010337983945022068,4
primary_seller_state,SP,47834,0.7084629284042774,1
primary_seller_state,MG,5638,0.08350365828371693,2
primary_seller_state,PR,5368,0.07950472466601499,3
primary_seller_state,RJ,2691,0.03985603838976273,4
primary_seller_state,SC,2583,0.03825646494268195,5
primary_seller_state,RS,1283,0.019002340116709617,6
primary_seller_state,DF,587,0.008693977902189046,7
primary_seller_state,BA,407,0.0060280221570544155,8
primary_seller_state,GO,299,0.004428448709973637,9
primary_seller_state,ES,253,0.003747148908439231,10
primary_seller_state,PE,210,0.003110281702657069,11
primary_seller_state,MT,106,0.0015699517165792827,12
primary_seller_state,MA,63,0.0009330845107971208,13
primary_seller_state,CE,55,0.0008145975887911372,14
primary_seller_state,RN,45,0.0006664889362836577,15
primary_seller_state,MS,38,0.0005628128795284221,16
primary_seller_state,PB,19,0.00028140643976421104,17
primary_seller_state,RO,14,0.0002073521135104713,18
primary_seller_state,PA,8,0.0001184869220059836,19
primary_seller_state,SE,7,0.00010367605675523564,20
primary_seller_state,PI,7,0.00010367605675523564,21
primary_seller_state,AM,3,4.443259575224385e-05,22
purchase_hour,14,4539,0.06722651737314495,1
purchase_hour,16,4469,0.06618975680559258,2
purchase_hour,11,4449,0.06589353950057762,3
purchase_hour,15,4442,0.06578986344382239,4
purchase_hour,13,4409,0.0653011048905477,5
purchase_hour,21,4193,0.062101957996386146,6
purchase_hour,17,4189,0.06204271453538316,7
purchase_hour,10,4187,0.06201309280488166,8
purchase_hour,20,4143,0.06136141473384875,9
purchase_hour,19,4059,0.060117302052785926,10
purchase_hour,22,4021,0.0595544891732575,11
purchase_hour,12,4020,0.05953967830800675,12
purchase_hour,18,3877,0.0574217245771498,13
purchase_hour,9,3211,0.04755768832015166,14
purchase_hour,23,2912,0.043129239610178026,15
purchase_hour,8,1951,0.028895998104209248,16
purchase_hour,0,1661,0.024600847181492344,17
purchase_hour,1,836,0.012381883349625285,18
purchase_hour,7,806,0.011937557392102846,19
purchase_hour,2,370,0.005480020142776741,20
purchase_hour,6,318,0.004709855149737848,21
purchase_hour,3,186,0.0027548209366391185,22
purchase_hour,4,136,0.002014277674101721,23
purchase_hour,5,134,0.001984655943600225,24
purchase_month,3,9549,0.14142895227939217,1
purchase_month,2,8196,0.12138985159513019,2
purchase_month,1,7817,0.11577653366509671,3
purchase_month,11,7288,0.10794158594745105,4
purchase_month,4,5516,0.08169673272312568,5
purchase_month,12,5514,0.08166711099262419,6
purchase_month,10,4743,0.07024793388429752,7
purchase_month,8,4193,0.062101957996386146,8
purchase_month,9,4150,0.061465090790603985,9
purchase_month,7,3872,0.05734767025089606,10
purchase_month,5,3545,0.052504517313901475,11
purchase_month,6,3135,0.04643206256109482,12
purchase_weekday,1,10734,0.15897982760152848,1
purchase_weekday,2,10729,0.15890577327527475,2
purchase_weekday,3,10339,0.15312953582748304,3
purchase_weekday,4,10002,0.14813827423798098,4
purchase_weekday,5,9881,0.1463461595426405,5
purchase_weekday,0,8248,0.12216001658816908,6
purchase_weekday,6,7585,0.11234041292692319,7
purchase_year,2017,43412,0.6429692822654699,1
purchase_year,2018,23840,0.3530910275778311,2
purchase_year,2016,266,0.003939690156698954,3
seller_customer_route,SP->SP,20430,0.30258597707278057,1
seller_customer_route,SP->RJ,6009,0.08899848929174442,2
seller_customer_route,SP->MG,5398,0.07994905062353742,3
seller_customer_route,SP->RS,2648,0.03921917118398057,4
seller_customer_route,SP->PR,2207,0.03268757960840072,5
seller_customer_route,PR->SP,2071,0.030673301934299003,6
seller_customer_route,MG->SP,1874,0.027755561479901655,7
seller_customer_route,SP->SC,1706,0.025267336117776002,8
seller_customer_route,SP->BA,1627,0.024097277762966912,9
seller_customer_route,MG->MG,1054,0.015610651974288337,10
seller_customer_route,SP->ES,1051,0.015566219378536094,11
seller_customer_route,SP->GO,1039,0.015388488995527118,12
seller_customer_route,SP->DF,943,0.013966645931455315,13
seller_customer_route,SC->SP,931,0.013788915548446341,14
seller_customer_route,MG->RJ,857,0.012692911519890993,15
seller_customer_route,RJ->SP,832,0.012322639888622294,16
seller_customer_route,SP->PE,805,0.011922746526852098,17
seller_customer_route,SP->CE,722,0.010693444711040018,18
seller_customer_route,PR->RJ,701,0.010382416540774313,19
seller_customer_route,RJ->RJ,608,0.009005006072454753,20
seller_customer_route,PR->MG,606,0.008975384341953257,21
seller_customer_route,SP->PA,526,0.007790515121893421,22
seller_customer_route,PR->PR,488,0.007227702242364999,23
seller_customer_route,SP->MT,464,0.006872241476347048,24
seller_customer_route,RS->SP,430,0.006368672057821618,25
seller_customer_route,PR->RS,403,0.005968778696051423,26
seller_customer_route,SP->MA,385,0.005702183121537961,27
seller_customer_route,RJ->MG,364,0.005391154951272253,28
seller_customer_route,SC->RJ,348,0.0051541811072602865,29
seller_customer_route,SP->MS,331,0.004902396397997571,30
seller_customer_route,SC->MG,302,0.00447288130572588,31
seller_customer_route,PR->SC,292,0.004324772653218401,32
seller_customer_route,MG->PR,268,0.00396931188720045,33
seller_customer_route,MG->BA,257,0.003806392369442223,34
seller_customer_route,SP->PI,253,0.003747148908439231,35
seller_customer_route,SP->RN,242,0.0035842293906810036,36
seller_customer_route,SP->PB,240,0.003554607660179508,37
seller_customer_route,SC->RS,226,0.0033472555466690364,38
seller_customer_route,MG->RS,225,0.0033324446814182885,39
seller_customer_route,DF->SP,218,0.003228768624663053,40
seller_customer_route,SC->PR,207,0.0030658491069048255,41
seller_customer_route,SP->AL,201,0.002976983915400338,42
seller_customer_route,MG->SC,198,0.002932551319648094,43
seller_customer_route,RS->RS,184,0.0027251992061376224,44
seller_customer_route,SC->SC,169,0.0025030362273764034,45
seller_customer_route,RS->RJ,159,0.002354927574868924,46
seller_customer_route,SP->SE,150,0.002221629787612192,47
seller_customer_route,SP->TO,145,0.0021475754613584524,48
seller_customer_route,RJ->RS,140,0.0020735211351047126,49
seller_customer_route,MG->ES,134,0.001984655943600225,50
seller_customer_route,MG->DF,133,0.001969845078349477,51
seller_customer_route,SP->RO,131,0.0019402233478479814,52
seller_customer_route,RJ->PR,129,0.0019106016173464854,53
seller_customer_route,RS->MG,124,0.0018365472910927456,54
seller_customer_route,MG->GO,114,0.001688438638585266,55
seller_customer_route,PR->BA,111,0.0016440060428330222,56
seller_customer_route,PR->DF,109,0.0016143843123315265,57
seller_customer_route,BA->SP,104,0.0015403299860777867,58
seller_customer_route,RJ->BA,87,0.0012885452768150716,59
seller_customer_route,DF->MG,85,0.0012589235463135757,60
seller_customer_route,RS->PR,84,0.0012441126810628278,61
seller_customer_route,PR->ES,82,0.0012144909505613318,62
seller_customer_route,GO->SP,80,0.0011848692200598359,63
seller_customer_route,RS->SC,79,0.001170058354809088,64
seller_customer_route,MG->PE,77,0.001140436624307592,65
seller_customer_route,ES->SP,77,0.001140436624307592,66
seller_customer_route,RJ->SC,74,0.0010960040285553482,67
seller_customer_route,RJ->GO,72,0.0010663822980538523,68
seller_customer_route,SP->AM,72,0.0010663822980538523,69
seller_customer_route,PR->GO,69,0.0010219497023016084,70
seller_customer_route,PR->PE,67,0.0009923279718001125,71
seller_customer_route,RJ->ES,67,0.0009923279718001125,72
seller_customer_route,DF->RJ,66,0.0009775171065493646,73
seller_customer_route,MG->PA,63,0.0009330845107971208,74
seller_customer_route,BA->RJ,63,0.0009330845107971208,75
seller_customer_route,RJ->DF,62,0.0009182736455463728,76
seller_customer_route,SC->BA,59,0.000873841049794129,77
seller_customer_route,MG->CE,56,0.0008294084540418852,78
seller_customer_route,PR->CE,54,0.0007997867235403892,79
seller_customer_route,RJ->PE,53,0.0007849758582896413,80
seller_customer_route,PE->SP,53,0.0007849758582896413,81
seller_customer_route,MG->MA,51,0.0007553541277881454,82
seller_customer_route,MG->MS,50,0.0007405432625373974,83
seller_customer_route,ES->RJ,49,0.0007257323972866495,84
seller_customer_route,SC->DF,49,0.0007257323972866495,85
seller_customer_route,GO->MG,49,0.0007257323972866495,86
seller_customer_route,SP->AC,48,0.0007109215320359015,87
seller_customer_route,PR->MT,46,0.0006812998015344056,88
seller_customer_route,BA->BA,44,0.0006516780710329097,89
seller_customer_route,SC->ES,43,0.0006368672057821618,90
seller_customer_route,BA->MG,42,0.0006220563405314139,91
seller_customer_route,PR->MS,41,0.0006072454752806659,92
seller_customer_route,PR->PA,40,0.0005924346100299179,93
seller_customer_route,MG->MT,40,0.0005924346100299179,94
seller_customer_route,RJ->CE,39,0.00057762374477917,95
seller_customer_route,SC->GO,38,0.0005628128795284221,96
seller_customer_route,ES->MG,38,0.0005628128795284221,97
seller_customer_route,GO->RJ,38,0.0005628128795284221,98
seller_customer_route,SP->AP,36,0.0005331911490269261,99
seller_customer_route,PR->MA,35,0.0005183802837761782,100
seller_customer_route,MG->PB,35,0.0005183802837761782,101
seller_customer_route,PR->PB,34,0.0005035694185254303,102
seller_customer_route,MG->SE,33,0.0004887585532746823,103
seller_customer_route,RS->BA,33,0.0004887585532746823,104
seller_customer_route,PE->MG,33,0.0004887585532746823,105
seller_customer_route,DF->DF,31,0.0004591368227731864,106
seller_customer_route,RS->DF,30,0.0004443259575224385,107
seller_customer_route,SC->PE,30,0.0004443259575224385,108
seller_customer_route,DF->BA,29,0.0004295150922716905,109
seller_customer_route,PR->AL,27,0.0003998933617701946,110
seller_customer_route,SC->MS,27,0.0003998933617701946,111
seller_customer_route,MG->AL,26,0.0003850824965194467,112
seller_customer_route,SP->RR,25,0.0003702716312686987,113
seller_customer_route,PE->RJ,25,0.0003702716312686987,114
seller_customer_route,BA->PE,24,0.0003554607660179508,115
seller_customer_route,MG->PI,24,0.0003554607660179508,116
seller_customer_route,MG->RN,24,0.0003554607660179508,117
seller_customer_route,DF->PR,23,0.0003406499007672028,118
seller_customer_route,RJ->PA,23,0.0003406499007672028,119
seller_customer_route,RJ->MS,22,0.00032583903551645487,120
seller_customer_route,SC->MT,21,0.00031102817026570695,121
seller_customer_route,RS->GO,21,0.00031102817026570695,122
seller_customer_route,ES->BA,21,0.00031102817026570695,123
seller_customer_route,MA->SP,21,0.00031102817026570695,124
seller_customer_route,DF->RS,20,0.00029621730501495897,125
seller_customer_route,RJ->MT,20,0.00029621730501495897,126
seller_customer_route,RN->RN,20,0.00029621730501495897,127
seller_customer_route,MT->SP,20,0.00029621730501495897,128
seller_customer_route,PR->SE,18,0.00026659557451346307,129
seller_customer_route,CE->SP,18,0.00026659557451346307,130
seller_customer_route,PR->PI,18,0.00026659557451346307,131
seller_customer_route,SC->MA,17,0.00025178470926271514,132
seller_customer_route,SC->CE,17,0.00025178470926271514,133
seller_customer_route,ES->RS,17,0.00025178470926271514,134
seller_customer_route,RJ->PB,17,0.00025178470926271514,135
seller_customer_route,RS->ES,17,0.00025178470926271514,136
seller_customer_route,GO->DF,17,0.00025178470926271514,137
seller_customer_route,DF->GO,17,0.00025178470926271514,138
seller_customer_route,PE->BA,16,0.0002369738440119672,139
seller_customer_route,PR->RN,15,0.00022216297876121924,140
seller_customer_route,RS->PA,15,0.00022216297876121924,141
seller_customer_route,SC->PA,15,0.00022216297876121924,142
seller_customer_route,RJ->RN,15,0.00022216297876121924,143
seller_customer_route,DF->SC,15,0.00022216297876121924,144
seller_customer_route,DF->ES,15,0.00022216297876121924,145
seller_customer_route,GO->GO,15,0.00022216297876121924,146
seller_customer_route,MT->MG,15,0.00022216297876121924,147
seller_customer_route,BA->RS,15,0.00022216297876121924,148
seller_customer_route,MS->SP,14,0.0002073521135104713,149
seller_customer_route,PR->TO,14,0.0002073521135104713,150
seller_customer_route,RS->MT,14,0.0002073521135104713,151
seller_customer_route,RJ->SE,14,0.0002073521135104713,152
seller_customer_route,SC->PB,14,0.0002073521135104713,153
seller_customer_route,SC->SE,14,0.0002073521135104713,154
seller_customer_route,PR->RO,13,0.00019254124825972334,155
seller_customer_route,RS->MS,13,0.00019254124825972334,156
seller_customer_route,RJ->PI,13,0.00019254124825972334,157
seller_customer_route,BA->CE,13,0.00019254124825972334,158
seller_customer_route,RJ->MA,12,0.0001777303830089754,159
seller_customer_route,BA->MA,12,0.0001777303830089754,160
seller_customer_route,SC->PI,12,0.0001777303830089754,161
seller_customer_route,RS->PE,12,0.0001777303830089754,162
seller_customer_route,RS->MA,12,0.0001777303830089754,163
seller_customer_route,BA->DF,12,0.0001777303830089754,164
seller_customer_route,MG->RO,11,0.00016291951775822744,165
seller_customer_route,MG->AM,11,0.00016291951775822744,166
seller_customer_route,ES->PR,11,0.00016291951775822744,167
seller_customer_route,MT->RJ,11,0.00016291951775822744,168
seller_customer_route,PE->RS,10,0.00014810865250747948,169
seller_customer_route,BA->SC,10,0.00014810865250747948,170
seller_customer_route,SC->AL,10,0.00014810865250747948,171
seller_customer_route,MG->TO,10,0.00014810865250747948,172
seller_customer_route,GO->RS,10,0.00014810865250747948,173
seller_customer_route,ES->SC,10,0.00014810865250747948,174
seller_customer_route,DF->MT,10,0.00014810865250747948,175
seller_customer_route,PE->ES,10,0.00014810865250747948,176
seller_customer_route,DF->CE,10,0.00014810865250747948,177
seller_customer_route,RJ->RO,9,0.00013329778725673153,178
seller_customer_route,SC->RN,9,0.00013329778725673153,179
seller_customer_route,RS->CE,9,0.00013329778725673153,180
seller_customer_route,GO->PR,9,0.00013329778725673153,181
seller_customer_route,PR->AM,9,0.00013329778725673153,182
seller_customer_route,BA->PR,9,0.00013329778725673153,183
seller_customer_route,MG->AC,9,0.00013329778725673153,184
seller_customer_route,SC->TO,9,0.00013329778725673153,185
seller_customer_route,MS->RJ,9,0.00013329778725673153,186
seller_customer_route,RJ->TO,8,0.0001184869220059836,187
seller_customer_route,DF->PE,8,0.0001184869220059836,188
seller_customer_route,GO->PE,8,0.0001184869220059836,189
seller_customer_route,BA->PA,8,0.0001184869220059836,190
seller_customer_route,SC->RO,8,0.0001184869220059836,191
seller_customer_route,GO->PA,8,0.0001184869220059836,192
seller_customer_route,DF->PA,8,0.0001184869220059836,193
seller_customer_route,GO->CE,8,0.0001184869220059836,194
seller_customer_route,PE->CE,8,0.0001184869220059836,195
seller_customer_route,PE->PE,8,0.0001184869220059836,196
seller_customer_route,MT->GO,8,0.0001184869220059836,197
seller_customer_route,GO->SC,8,0.0001184869220059836,198
seller_customer_route,RS->PI,7,0.00010367605675523564,199
seller_customer_route,RS->RN,7,0.00010367605675523564,200
seller_customer_route,CE->PE,7,0.00010367605675523564,201
seller_customer_route,RS->AL,7,0.00010367605675523564,202
seller_customer_route,PE->GO,7,0.00010367605675523564,203
seller_customer_route,GO->BA,7,0.00010367605675523564,204
seller_customer_route,GO->MA,7,0.00010367605675523564,205
seller_customer_route,RO->SP,7,0.00010367605675523564,206
seller_customer_route,BA->ES,7,0.00010367605675523564,207
seller_customer_route,BA->RN,7,0.00010367605675523564,208
seller_customer_route,MT->PR,7,0.00010367605675523564,209
seller_customer_route,ES->MT,6,8.88651915044877e-05,210
seller_customer_route,CE->RJ,6,8.88651915044877e-05,211
seller_customer_route,RJ->AL,6,8.88651915044877e-05,212
seller_customer_route,GO->MT,6,8.88651915044877e-05,213
seller_customer_route,PE->PR,6,8.88651915044877e-05,214
seller_customer_route,DF->MA,6,8.88651915044877e-05,215
seller_customer_route,ES->ES,6,8.88651915044877e-05,216
seller_customer_route,PA->SP,6,8.88651915044877e-05,217
seller_customer_route,MT->PE,6,8.88651915044877e-05,218
seller_customer_route,PE->DF,6,8.88651915044877e-05,219
seller_customer_route,MA->MG,6,8.88651915044877e-05,220
seller_customer_route,BA->SE,5,7.405432625373974e-05,221
seller_customer_route,BA->GO,5,7.405432625373974e-05,222
seller_customer_route,BA->AL,5,7.405432625373974e-05,223
seller_customer_route,PB->RJ,5,7.405432625373974e-05,224
seller_customer_route,RS->RO,5,7.405432625373974e-05,225
seller_customer_route,RS->PB,5,7.405432625373974e-05,226
seller_customer_route,PB->SP,5,7.405432625373974e-05,227
seller_customer_route,RS->SE,5,7.405432625373974e-05,228
seller_customer_route,DF->PB,5,7.405432625373974e-05,229
seller_customer_route,MT->MT,5,7.405432625373974e-05,230
seller_customer_route,GO->MS,5,7.405432625373974e-05,231
seller_customer_route,BA->PB,5,7.405432625373974e-05,232
seller_customer_route,ES->PE,5,7.405432625373974e-05,233
seller_customer_route,RN->SP,5,7.405432625373974e-05,234
seller_customer_route,DF->PI,5,7.405432625373974e-05,235
seller_customer_route,BA->PI,5,7.405432625373974e-05,236
seller_customer_route,GO->AL,5,7.405432625373974e-05,237
seller_customer_route,GO->PB,5,7.405432625373974e-05,238
seller_customer_route,PE->PI,5,7.405432625373974e-05,239
seller_customer_route,MA->RJ,5,7.405432625373974e-05,240
seller_customer_route,RS->AM,4,5.92434610029918e-05,241
seller_customer_route,DF->RN,4,5.92434610029918e-05,242
seller_customer_route,RN->RS,4,5.92434610029918e-05,243
seller_customer_route,GO->ES,4,5.92434610029918e-05,244
seller_customer_route,DF->MS,4,5.92434610029918e-05,245
seller_customer_route,MT->DF,4,5.92434610029918e-05,246
seller_customer_route,SC->AP,4,5.92434610029918e-05,247
seller_customer_route,MT->BA,4,5.92434610029918e-05,248
seller_customer_route,MT->RS,4,5.92434610029918e-05,249
seller_customer_route,MT->MS,4,5.92434610029918e-05,250
seller_customer_route,PE->SC,4,5.92434610029918e-05,251
seller_customer_route,MT->SC,4,5.92434610029918e-05,252
seller_customer_route,PE->PB,4,5.92434610029918e-05,253
seller_customer_route,MA->DF,4,5.92434610029918e-05,254
seller_customer_route,MA->ES,4,5.92434610029918e-05,255
seller_customer_route,MA->PE,4,5.92434610029918e-05,256
seller_customer_route,PE->AL,4,5.92434610029918e-05,257
seller_customer_route,GO->TO,4,5.92434610029918e-05,258
seller_customer_route,MS->MG,3,4.443259575224385e-05,259
seller_customer_route,CE->CE,3,4.443259575224385e-05,260
seller_customer_route,CE->MG,3,4.443259575224385e-05,261
seller_customer_route,CE->BA,3,4.443259575224385e-05,262
seller_customer_route,DF->SE,3,4.443259575224385e-05,263
seller_customer_route,ES->PA,3,4.443259575224385e-05,264
seller_customer_route,MS->PR,3,4.443259575224385e-05,265
seller_customer_route,RN->BA,3,4.443259575224385e-05,266
seller_customer_route,RN->CE,3,4.443259575224385e-05,267
seller_customer_route,DF->AL,3,4.443259575224385e-05,268
seller_customer_route,RJ->AM,3,4.443259575224385e-05,269
seller_customer_route,RS->AP,3,4.443259575224385e-05,270
seller_customer_route,RN->PR,3,4.443259575224385e-05,271
seller_customer_route,BA->MT,3,4.443259575224385e-05,272
seller_customer_route,CE->PI,3,4.443259575224385e-05,273
seller_customer_route,MT->MA,3,4.443259575224385e-05,274
seller_customer_route,MT->PA,3,4.443259575224385e-05,275
seller_customer_route,PE->SE,3,4.443259575224385e-05,276
seller_customer_route,MA->PB,3,4.443259575224385e-05,277
seller_customer_route,MA->MA,3,4.443259575224385e-05,278
seller_customer_route,ES->RN,2,2.96217305014959e-05,279
seller_customer_route,PR->AP,2,2.96217305014959e-05,280
seller_customer_route,MG->RR,2,2.96217305014959e-05,281
seller_customer_route,CE->PR,2,2.96217305014959e-05,282
seller_customer_route,CE->SC,2,2.96217305014959e-05,283
seller_customer_route,MS->BA,2,2.96217305014959e-05,284
seller_customer_route,ES->TO,2,2.96217305014959e-05,285
seller_customer_route,CE->MT,2,2.96217305014959e-05,286
seller_customer_route,CE->ES,2,2.96217305014959e-05,287
seller_customer_route,MS->DF,2,2.96217305014959e-05,288
seller_customer_route,RN->RJ,2,2.96217305014959e-05,289
seller_customer_route,RO->RJ,2,2.96217305014959e-05,290
seller_customer_route,ES->CE,2,2.96217305014959e-05,291
seller_customer_route,PE->MS,2,2.96217305014959e-05,292
seller_customer_route,PE->PA,2,2.96217305014959e-05,293
seller_customer_route,RS->AC,2,2.96217305014959e-05,294
seller_customer_route,SC->AM,2,2.96217305014959e-05,295
seller_customer_route,BA->RO,2,2.96217305014959e-05,296
seller_customer_route,RS->TO,2,2.96217305014959e-05,297
seller_customer_route,MT->ES,2,2.96217305014959e-05,298
seller_customer_route,BA->AP,2,2.96217305014959e-05,299
seller_customer_route,MT->RO,2,2.96217305014959e-05,300
seller_customer_route,SE->SP,2,2.96217305014959e-05,301
seller_customer_route,SC->AC,2,2.96217305014959e-05,302
seller_customer_route,BA->MS,2,2.96217305014959e-05,303
seller_customer_route,MG->AP,2,2.96217305014959e-05,304
seller_customer_route,GO->AM,2,2.96217305014959e-05,305
seller_customer_route,MA->SC,2,2.96217305014959e-05,306
seller_customer_route,PR->RR,2,2.96217305014959e-05,307
seller_customer_route,PI->MG,2,2.96217305014959e-05,308
seller_customer_route,MA->RS,2,2.96217305014959e-05,309
seller_customer_route,PE->MA,2,2.96217305014959e-05,310
seller_customer_route,MT->CE,2,2.96217305014959e-05,311
seller_customer_route,MA->BA,2,2.96217305014959e-05,312
seller_customer_route,MA->RN,2,2.96217305014959e-05,313
seller_customer_route,SE->PA,1,1.481086525074795e-05,314
seller_customer_route,AM->AL,1,1.481086525074795e-05,315
seller_customer_route,CE->RO,1,1.481086525074795e-05,316
seller_customer_route,MS->AC,1,1.481086525074795e-05,317
seller_customer_route,PB->PB,1,1.481086525074795e-05,318
seller_customer_route,AM->MA,1,1.481086525074795e-05,319
seller_customer_route,AM->MG,1,1.481086525074795e-05,320
seller_customer_route,PB->PE,1,1.481086525074795e-05,321
seller_customer_route,MS->GO,1,1.481086525074795e-05,322
seller_customer_route,PB->PA,1,1.481086525074795e-05,323
seller_customer_route,PB->MA,1,1.481086525074795e-05,324
seller_customer_route,RO->BA,1,1.481086525074795e-05,325
seller_customer_route,CE->AM,1,1.481086525074795e-05,326
seller_customer_route,RN->PB,1,1.481086525074795e-05,327
seller_customer_route,MS->SC,1,1.481086525074795e-05,328
seller_customer_route,RJ->AC,1,1.481086525074795e-05,329
seller_customer_route,MS->RS,1,1.481086525074795e-05,330
seller_customer_route,PR->AC,1,1.481086525074795e-05,331
seller_customer_route,SE->RJ,1,1.481086525074795e-05,332
seller_customer_route,ES->GO,1,1.481086525074795e-05,333
seller_customer_route,PB->BA,1,1.481086525074795e-05,334
seller_customer_route,ES->PI,1,1.481086525074795e-05,335
seller_customer_route,RO->RS,1,1.481086525074795e-05,336
seller_customer_route,GO->RN,1,1.481086525074795e-05,337
seller_customer_route,ES->DF,1,1.481086525074795e-05,338
seller_customer_route,PB->MT,1,1.481086525074795e-05,339
seller_customer_route,RO->PR,1,1.481086525074795e-05,340
seller_customer_route,DF->AC,1,1.481086525074795e-05,341
seller_customer_route,RN->PA,1,1.481086525074795e-05,342
seller_customer_route,RN->SC,1,1.481086525074795e-05,343
seller_customer_route,DF->TO,1,1.481086525074795e-05,344
seller_customer_route,BA->TO,1,1.481086525074795e-05,345
seller_customer_route,BA->AC,1,1.481086525074795e-05,346
seller_customer_route,PA->PR,1,1.481086525074795e-05,347
seller_customer_route,GO->RO,1,1.481086525074795e-05,348
seller_customer_route,MT->PB,1,1.481086525074795e-05,349
seller_customer_route,MS->MT,1,1.481086525074795e-05,350
seller_customer_route,ES->RO,1,1.481086525074795e-05,351
seller_customer_route,SE->PE,1,1.481086525074795e-05,352
seller_customer_route,BA->AM,1,1.481086525074795e-05,353
seller_customer_route,RO->SE,1,1.481086525074795e-05,354
seller_customer_route,SE->PR,1,1.481086525074795e-05,355
seller_customer_route,PB->DF,1,1.481086525074795e-05,356
seller_customer_route,PA->MG,1,1.481086525074795e-05,357
seller_customer_route,CE->MS,1,1.481086525074795e-05,358
seller_customer_route,PB->MG,1,1.481086525074795e-05,359
seller_customer_route,MT->RN,1,1.481086525074795e-05,360
seller_customer_route,RJ->AP,1,1.481086525074795e-05,361
seller_customer_route,CE->PA,1,1.481086525074795e-05,362
seller_customer_route,PI->PR,1,1.481086525074795e-05,363
seller_customer_route,RO->ES,1,1.481086525074795e-05,364
seller_customer_route,SE->GO,1,1.481086525074795e-05,365
seller_customer_route,GO->PI,1,1.481086525074795e-05,366
seller_customer_route,PI->PE,1,1.481086525074795e-05,367
seller_customer_route,MA->MT,1,1.481086525074795e-05,368
seller_customer_route,PI->SC,1,1.481086525074795e-05,369
seller_customer_route,PI->SP,1,1.481086525074795e-05,370
seller_customer_route,PE->TO,1,1.481086525074795e-05,371
seller_customer_route,RN->AL,1,1.481086525074795e-05,372
seller_customer_route,MA->PR,1,1.481086525074795e-05,373
seller_customer_route,MA->GO,1,1.481086525074795e-05,374
seller_customer_route,PB->AL,1,1.481086525074795e-05,375
seller_customer_route,PI->PI,1,1.481086525074795e-05,376
seller_customer_route,GO->AP,1,1.481086525074795e-05,377
seller_customer_route,MA->AL,1,1.481086525074795e-05,378
seller_customer_route,MA->CE,1,1.481086525074795e-05,379
seller_customer_route,PE->RO,1,1.481086525074795e-05,380
seller_customer_route,RN->DF,1,1.481086525074795e-05,381
