column,non_missing_count,missing_count,mean,std,minimum,p01,p05,p25,median,p75,p95,p99,maximum,skewness,iqr_outlier_count,negative_count
actual_delivery_days,67518,0,13.823445729458427,10.2485305247913,0.5334143518518518,1.9605831018518518,3.3824988425925935,7.449892939814815,11.473935185185184,17.18901909722222,31.99633101851851,48.92218460648154,209.6286111111111,3.8680327151919065,3446,0
approval_delay_hours,67518,0,9.930548277660936,20.420731330025568,0.0,0.0,0.13634722222222231,0.20527777777777778,0.3075,13.44736111111111,47.948930555555556,87.16699166666672,741.4436111111111,5.085680871290038,7183,0
average_freight_per_item,67518,0,19.64035366419524,14.38363152727597,0.0,7.78,8.27,13.44,16.11,20.29,42.62149999999994,78.42,338.3,5.550009531358596,7102,0
average_installments,67518,0,2.9577871212324247,2.7383392855492765,1.0,1.0,1.0,1.0,2.0,4.0,10.0,10.0,24.0,1.5963767250637444,4586,0
average_item_price,67518,0,124.23946952901704,185.66977842999745,1.514285714285714,10.99,18.5,41.0,78.96000000000001,139.9,359.0,899.0,6735.0,7.802404619899381,5108,0
average_payment_value,67518,0,155.45283220447118,211.79885546150484,1.7374999999999998,20.3817,30.95,59.75125,102.03,173.4875,432.50599999999974,1025.5132,13664.08,10.297240688636142,5233,0
average_product_photos,66322,1196,2.245497139040005,1.7434065723775378,1.0,1.0,1.0,1.0,2.0,3.0,6.0,8.0,20.0,1.9378792812020875,1936,0
average_product_volume_cm3,67502,16,15842.769013674246,24160.29515895391,288.0,352.0,816.0,2880.0,6859.0,19540.25,58621.0,115934.0,294000.0,3.9984481277813377,5970,0
average_product_weight_g,67502,16,2171.6590579134354,3866.37726913759,2.0,100.0,133.0,300.0,700.0,1850.0,9850.0,19100.0,40425.0,3.579174940479375,9768,0
freight_to_price_ratio,67518,0,0.3063209804960384,0.29292837409330985,0.0,0.028937787458656376,0.05557989610064468,0.13294909824394874,0.2241184441256177,0.3775943985996499,0.8375838926174497,1.424242424242424,5.739495798319327,3.6746599718418853,4575,0
item_count,67518,0,1.1420510086199236,0.5416244661341159,1.0,1.0,1.0,1.0,1.0,1.0,2.0,3.0,21.0,8.108647605875456,6756,0
late_delivery,67518,0,0.09027222370330874,0.28657349086034145,0.0,0.0,0.0,0.0,0.0,0.0,1.0,1.0,1.0,2.8595800139913656,6095,0
maximum_freight_per_item,67518,0,19.804058917621965,14.525689693176458,0.0,7.78,8.27,13.5,16.14,20.78,43.07149999999994,79.16,338.3,5.459046004394859,7055,0
maximum_installments,67518,0,2.9749844485914867,2.755314565201199,1.0,1.0,1.0,1.0,2.0,4.0,10.0,10.0,24.0,1.59233936058865,4678,0
maximum_item_price,67518,0,124.8478528688646,186.0476941446363,2.29,10.99,18.75,41.9,79.0,139.9,359.9,899.0,6735.0,7.764772800488198,5163,0
maximum_payment_value,67518,0,156.61776504043368,212.65591777565587,4.07,21.77,31.77,60.63,102.78,174.1575,436.2159999999997,1031.69,13664.08,10.242550107614493,5261,0
maximum_product_photos,66322,1196,2.258330569041947,1.7574584028376214,1.0,1.0,1.0,1.0,2.0,3.0,6.0,8.0,20.0,1.9246803800661756,1989,0
maximum_product_volume_cm3,67502,16,15977.793739444756,24340.04396656151,288.0,352.0,816.0,2888.0,6912.0,19760.0,59499.399999999965,116754.0,294000.0,3.9694968770601773,5829,0
maximum_product_weight_g,67502,16,2192.006251666617,3894.9891323064685,2.0,100.0,138.0,300.0,700.0,1860.0,9950.0,19399.000000000524,40425.0,3.5526731266692675,9814,0
minimum_item_price,67518,0,123.68206567137653,185.60877379294527,1.2,10.9,18.0,39.99,77.83500000000001,139.65,359.0,899.0,6735.0,7.813156081840766,5031,0
minimum_payment_value,67518,0,154.3380209721852,211.7559135168429,0.0,9.606799999999998,28.77,58.5925,101.57,172.84,431.07349999999946,1024.3235000000009,13664.08,10.29431135760706,5195,0
missing_category_item_count,67518,0,0.02035012885452768,0.16035154936596166,0.0,0.0,0.0,0.0,0.0,0.0,0.0,1.0,6.0,10.868497970175886,1243,0
missing_volume_item_count,67518,0,0.00026659557451346307,0.018049176914556507,0.0,0.0,0.0,0.0,0.0,0.0,0.0,0.0,2.0,75.5255716658968,16,0
missing_weight_item_count,67518,0,0.00026659557451346307,0.018049176914556507,0.0,0.0,0.0,0.0,0.0,0.0,0.0,0.0,2.0,75.5255716658968,16,0
payment_count,67518,0,1.0476317426464055,0.39725229516782157,1.0,1.0,1.0,1.0,1.0,1.0,1.0,2.0,26.0,22.417867438781105,2129,0
payment_type_count,67518,0,1.0240232234367133,0.15312235445784844,1.0,1.0,1.0,1.0,1.0,1.0,1.0,2.0,2.0,6.217131103058825,1622,0
promised_delivery_days,67518,0,24.593362149380194,8.017080777164887,7.005127314814815,10.151966319444444,12.48855324074074,19.543194444444445,23.619976851851852,28.563255208333334,37.850630208333286,50.53323101851854,155.13546296296298,1.387706265688112,1711,0
same_state_delivery,67518,0,0.34168666133475517,0.47427862945733396,0.0,0.0,0.0,0.0,0.0,1.0,1.0,1.0,1.0,0.667616116291639,0,0
seller_shipping_window_days,67518,0,6.888443829244986,5.128314206826092,3.9583333333333335,4.0,4.007094907407407,5.245859375,6.013778935185185,7.258640046296296,12.082748842592586,19.011792824074075,1052.004537037037,126.50449920916343,5688,0
total_freight,67518,0,22.24622856127255,20.003897225575727,0.0,7.78,8.37,14.1,16.79,23.7,51.851499999999945,98.17490000000006,1002.29,8.581420771264597,6629,0
total_item_price,67518,0,135.8890364051068,205.20664587254058,2.29,11.99,18.99,45.9,85.0,149.9,399.0,987.0,13440.0,10.718627364827377,5360,0
total_payment_value,67518,0,158.17395746319502,214.29746382329287,10.07,22.95,32.38,61.63,104.185,175.5,439.44899999999967,1039.8728000000003,13664.08,10.149125135651788,5307,0
total_product_volume_cm3,67502,16,18088.391825427396,31441.650788641702,288.0,352.0,816.0,3024.0,7740.0,20160.0,67200.0,140556.0,1476000.0,7.5562987527338965,6620,0
total_product_weight_g,67502,16,2465.976385884863,4909.811104371687,2.0,100.0,150.0,300.0,800.0,2150.0,10750.0,22699.500000000262,184400.0,6.6448618254325265,9509,0
unique_category_count,67518,0,0.9889659053881927,0.15636443435231626,0.0,0.0,1.0,1.0,1.0,1.0,1.0,1.0,3.0,-2.5347743056990337,1641,0
unique_product_count,67518,0,1.0377084629284044,0.22221627077066208,1.0,1.0,1.0,1.0,1.0,1.0,1.0,2.0,7.0,7.676658476990323,2209,0
unique_seller_count,67518,0,1.012056044314109,0.1148243258063615,1.0,1.0,1.0,1.0,1.0,1.0,1.0,2.0,5.0,10.52405846477157,776,0
unique_seller_state_count,67518,0,1.0046802334192364,0.06932898870918004,1.0,1.0,1.0,1.0,1.0,1.0,1.0,1.0,3.0,15.176274521829404,311,0
used_boleto,67518,0,0.20567848573713676,0.40419953735832875,0.0,0.0,0.0,0.0,0.0,0.0,1.0,1.0,1.0,1.4563610574980477,13887,0
used_credit_card,67518,0,0.7675730916200124,0.4223828630604428,0.0,0.0,0.0,1.0,1.0,1.0,1.0,1.0,1.0,-1.2670069798476615,15693,0
used_debit_card,67518,0,0.010337983945022068,0.10114969879743067,0.0,0.0,0.0,0.0,0.0,0.0,0.0,1.0,1.0,9.68221412308067,698,0
used_voucher,67518,0,0.0404336621345419,0.19697552069473379,0.0,0.0,0.0,0.0,0.0,0.0,0.0,1.0,1.0,4.666366153499499,2730,0
